profile,architecture,controller,mean_L,cvar90_L,worst_L,mean_V,cvar90_V,failure_rate,mean_unsafe_duration,mean_final_I,min_final_I,fail_p_rate,fail_a_rate,fail_h_rate,fail_phi_rate,fail_m_rate,fail_I_rate,worst_max_a,worst_max_h,worst_max_p,worst_min_m,cooling_scale,supply_scale,impulse_scale,resource_score
heat_150,C2.50_S1.20_I1.00,a10_minimax_v07,2.5807630808563347,3.622294179934648,3.9631743599556417,3.779254649563841e-08,3.779254649563841e-08,0.006666666666666667,0.001505555555555555,1.0401210473535416,1.013039952041396,0.0,0.0,0.006666666666666667,0.0,0.0,0.0,0.2793869271879976,1.008569353122435,0.7935915865773556,0.19538516715513854,2.5,1.2,1.0,1.7
