profile,architecture,controller,mean_L,cvar90_L,worst_L,mean_V,cvar90_V,failure_rate,mean_unsafe_duration,mean_final_I,min_final_I,fail_p_rate,fail_a_rate,fail_h_rate,fail_phi_rate,fail_m_rate,fail_I_rate,worst_max_a,worst_max_h,worst_max_p,worst_min_m,cooling_scale,supply_scale,impulse_scale,resource_score
heat_150,C2.10_S1.20_I1.00,a10_minimax_v07,2.453552456310654,3.404673572590439,3.6531630265425665,2.9462385019493986e-06,2.9462385019493986e-06,0.05,0.014647222222222218,1.0386031193235017,1.0162786265259807,0.0,0.0,0.056666666666666664,0.0,0.0,0.0,0.27358631355383706,1.0327597205431938,0.7932557450076801,0.18913583930810549,2.1,1.2,1.0,1.3
