profile,architecture,controller,mean_L,cvar90_L,worst_L,mean_V,cvar90_V,failure_rate,mean_unsafe_duration,mean_final_I,min_final_I,fail_p_rate,fail_a_rate,fail_h_rate,fail_phi_rate,fail_m_rate,fail_I_rate,worst_max_a,worst_max_h,worst_max_p,worst_min_m,cooling_scale,supply_scale,impulse_scale,resource_score
combined_moderate,C1.00_S1.50_I1.00,a10_minimax_v07,3.1040992458464274,3.871244957520861,4.164617811195109,7.837603775243322e-10,7.837603775243322e-10,0.006666666666666667,3.0555555555555154e-05,1.0325011788559808,0.9996210557769846,0.0,0.0,0.0,0.0,0.0033333333333333335,0.0033333333333333335,0.36122285550734434,0.9753061428717044,0.7945256253883788,0.1429584719929267,1.0,1.5,1.0,0.5
